<?xml version="1.0" encoding="utf-8"?>
<extension version="3.5" client="administrator" type="language" method="upgrade">
    <name>Georgian (ka-GE)</name>
    <tag>ka-GE</tag>
    <version>3.5.0.1</version>
    <creationDate>2016-03-23</creationDate>
    <author>Georgian Translation Team</author>
    <authorEmail>z.cherkezishvili@gmail.com</authorEmail>
    <authorUrl></authorUrl>
    <copyright>Copyright (C) 2005 - 2016 Open Source Matters. All rights reserved.</copyright>
    <license>GNU General Public License version 2 or later; see LICENSE.txt</license>
    <description>ka-GE administrator language</description>
    <files>
        <filename>ka-GE.com_admin.ini</filename>
        <filename>ka-GE.com_admin.sys.ini</filename>
        <filename>ka-GE.com_banners.ini</filename>
        <filename>ka-GE.com_banners.sys.ini</filename>
        <filename>ka-GE.com_ajax.ini</filename>
        <filename>ka-GE.com_ajax.sys.ini</filename>
        <filename>ka-GE.com_cache.ini</filename>
        <filename>ka-GE.com_cache.sys.ini</filename>
        <filename>ka-GE.com_categories.ini</filename>
        <filename>ka-GE.com_categories.sys.ini</filename>
        <filename>ka-GE.com_checkin.ini</filename>
        <filename>ka-GE.com_checkin.sys.ini</filename>
        <filename>ka-GE.com_config.ini</filename>
        <filename>ka-GE.com_config.sys.ini</filename>
        <filename>ka-GE.com_contact.ini</filename>
        <filename>ka-GE.com_contact.sys.ini</filename>
        <filename>ka-GE.com_content.ini</filename>
        <filename>ka-GE.com_content.sys.ini</filename>
        <filename>ka-GE.com_contenthistory.ini</filename>
        <filename>ka-GE.com_contenthistory.sys.ini</filename>
        <filename>ka-GE.com_cpanel.ini</filename>
        <filename>ka-GE.com_cpanel.sys.ini</filename>
        <filename>ka-GE.com_finder.ini</filename>
        <filename>ka-GE.com_finder.sys.ini</filename>
        <filename>ka-GE.com_installer.ini</filename>
        <filename>ka-GE.com_installer.sys.ini</filename>
        <filename>ka-GE.com_joomlaupdate.ini</filename>
        <filename>ka-GE.com_joomlaupdate.sys.ini</filename>
        <filename>ka-GE.com_languages.ini</filename>
        <filename>ka-GE.com_languages.sys.ini</filename>
        <filename>ka-GE.com_login.ini</filename>
        <filename>ka-GE.com_login.sys.ini</filename>
        <filename>ka-GE.com_mailto.sys.ini</filename>
        <filename>ka-GE.com_media.ini</filename>
        <filename>ka-GE.com_media.sys.ini</filename>
        <filename>ka-GE.com_menus.ini</filename>
        <filename>ka-GE.com_menus.sys.ini</filename>
        <filename>ka-GE.com_messages.ini</filename>
        <filename>ka-GE.com_messages.sys.ini</filename>
        <filename>ka-GE.com_modules.ini</filename>
        <filename>ka-GE.com_modules.sys.ini</filename>
        <filename>ka-GE.com_newsfeeds.ini</filename>
        <filename>ka-GE.com_newsfeeds.sys.ini</filename>
        <filename>ka-GE.com_plugins.ini</filename>
        <filename>ka-GE.com_plugins.sys.ini</filename>
        <filename>ka-GE.com_postinstall.ini</filename>
        <filename>ka-GE.com_postinstall.sys.ini</filename>
        <filename>ka-GE.com_redirect.ini</filename>
        <filename>ka-GE.com_redirect.sys.ini</filename>
        <filename>ka-GE.com_search.ini</filename>
        <filename>ka-GE.com_search.sys.ini</filename>
        <filename>ka-GE.com_tags.ini</filename>
        <filename>ka-GE.com_tags.sys.ini</filename>
        <filename>ka-GE.com_templates.ini</filename>
        <filename>ka-GE.com_templates.sys.ini</filename>
        <filename>ka-GE.com_users.ini</filename>
        <filename>ka-GE.com_users.sys.ini</filename>
        <filename>ka-GE.com_weblinks.ini</filename>
        <filename>ka-GE.com_weblinks.sys.ini</filename>
        <filename>ka-GE.com_wrapper.ini</filename>
        <filename>ka-GE.com_wrapper.sys.ini</filename>
        <filename>ka-GE.ini</filename>
        <filename>ka-GE.lib_joomla.ini</filename>
        <filename>ka-GE.localise.php</filename>
        <filename>ka-GE.mod_custom.ini</filename>
        <filename>ka-GE.mod_custom.sys.ini</filename>
        <filename>ka-GE.mod_feed.ini</filename>
        <filename>ka-GE.mod_feed.sys.ini</filename>
        <filename>ka-GE.mod_latest.ini</filename>
        <filename>ka-GE.mod_latest.sys.ini</filename>
        <filename>ka-GE.mod_logged.ini</filename>
        <filename>ka-GE.mod_logged.sys.ini</filename>
        <filename>ka-GE.mod_login.ini</filename>
        <filename>ka-GE.mod_login.sys.ini</filename>
        <filename>ka-GE.mod_menu.ini</filename>
        <filename>ka-GE.mod_menu.sys.ini</filename>
        <filename>ka-GE.mod_multilangstatus.ini</filename>
        <filename>ka-GE.mod_multilangstatus.sys.ini</filename>
        <filename>ka-GE.mod_popular.ini</filename>
        <filename>ka-GE.mod_popular.sys.ini</filename>
        <filename>ka-GE.mod_quickicon.ini</filename>
        <filename>ka-GE.mod_quickicon.sys.ini</filename>
        <filename>ka-GE.mod_stats_admin.ini</filename>
        <filename>ka-GE.mod_stats_admin.sys.ini</filename>
        <filename>ka-GE.mod_status.ini</filename>
        <filename>ka-GE.mod_status.sys.ini</filename>
        <filename>ka-GE.mod_submenu.ini</filename>
        <filename>ka-GE.mod_submenu.sys.ini</filename>
        <filename>ka-GE.mod_title.ini</filename>
        <filename>ka-GE.mod_title.sys.ini</filename>
        <filename>ka-GE.mod_toolbar.ini</filename>
        <filename>ka-GE.mod_toolbar.sys.ini</filename>
        <filename>ka-GE.mod_version.ini</filename>
        <filename>ka-GE.mod_version.sys.ini</filename>
        <filename>ka-GE.plg_authentication_cookie.ini</filename>
        <filename>ka-GE.plg_authentication_cookie.sys.ini</filename>
        <filename>ka-GE.plg_authentication_gmail.ini</filename>
        <filename>ka-GE.plg_authentication_gmail.sys.ini</filename>
        <filename>ka-GE.plg_authentication_joomla.ini</filename>
        <filename>ka-GE.plg_authentication_joomla.sys.ini</filename>
        <filename>ka-GE.plg_authentication_ldap.ini</filename>
        <filename>ka-GE.plg_authentication_ldap.sys.ini</filename>
        <filename>ka-GE.plg_captcha_recaptcha.ini</filename>
        <filename>ka-GE.plg_captcha_recaptcha.sys.ini</filename>
        <filename>ka-GE.plg_content_emailcloak.ini</filename>
        <filename>ka-GE.plg_content_contact.ini</filename>
        <filename>ka-GE.plg_content_contact.sys.ini</filename>
        <filename>ka-GE.plg_content_emailcloak.sys.ini</filename>
        <filename>ka-GE.plg_content_finder.ini</filename>
        <filename>ka-GE.plg_content_finder.sys.ini</filename>
        <filename>ka-GE.plg_content_joomla.ini</filename>
        <filename>ka-GE.plg_content_joomla.sys.ini</filename>
        <filename>ka-GE.plg_content_loadmodule.ini</filename>
        <filename>ka-GE.plg_content_loadmodule.sys.ini</filename>
        <filename>ka-GE.plg_content_pagebreak.ini</filename>
        <filename>ka-GE.plg_content_pagebreak.sys.ini</filename>
        <filename>ka-GE.plg_content_pagenavigation.ini</filename>
        <filename>ka-GE.plg_content_pagenavigation.sys.ini</filename>
        <filename>ka-GE.plg_content_vote.ini</filename>
        <filename>ka-GE.plg_content_vote.sys.ini</filename>
        <filename>ka-GE.plg_editors_codemirror.ini</filename>
        <filename>ka-GE.plg_editors_codemirror.sys.ini</filename>
        <filename>ka-GE.plg_editors_none.ini</filename>
        <filename>ka-GE.plg_editors_none.sys.ini</filename>
        <filename>ka-GE.plg_editors_tinymce.ini</filename>
        <filename>ka-GE.plg_editors_tinymce.sys.ini</filename>
        <filename>ka-GE.plg_editors-xtd_article.ini</filename>
        <filename>ka-GE.plg_editors-xtd_article.sys.ini</filename>
        <filename>ka-GE.plg_editors-xtd_image.ini</filename>
        <filename>ka-GE.plg_editors-xtd_image.sys.ini</filename>
        <filename>ka-GE.plg_editors-xtd_module.ini</filename>
        <filename>ka-GE.plg_editors-xtd_module.sys.ini</filename>
        <filename>ka-GE.plg_editors-xtd_pagebreak.ini</filename>
        <filename>ka-GE.plg_editors-xtd_pagebreak.sys.ini</filename>
        <filename>ka-GE.plg_editors-xtd_readmore.ini</filename>
        <filename>ka-GE.plg_editors-xtd_readmore.sys.ini</filename>
        <filename>ka-GE.plg_extension_joomla.ini</filename>
        <filename>ka-GE.plg_extension_joomla.sys.ini</filename>
        <filename>ka-GE.plg_finder_categories.ini</filename>
        <filename>ka-GE.plg_finder_categories.sys.ini</filename>
        <filename>ka-GE.plg_finder_contacts.ini</filename>
        <filename>ka-GE.plg_finder_contacts.sys.ini</filename>
        <filename>ka-GE.plg_finder_content.ini</filename>
        <filename>ka-GE.plg_finder_content.sys.ini</filename>
        <filename>ka-GE.plg_finder_newsfeeds.ini</filename>
        <filename>ka-GE.plg_finder_newsfeeds.sys.ini</filename>
        <filename>ka-GE.plg_finder_tags.ini</filename>
        <filename>ka-GE.plg_finder_tags.sys.ini</filename>
        <filename>ka-GE.plg_finder_weblinks.ini</filename>
        <filename>ka-GE.plg_finder_weblinks.sys.ini</filename>
        <filename>ka-GE.plg_installer_webinstaller.ini</filename>
        <filename>ka-GE.plg_installer_webinstaller.sys.ini</filename>
        <filename>ka-GE.plg_quickicon_extensionupdate.ini</filename>
        <filename>ka-GE.plg_quickicon_extensionupdate.sys.ini</filename>
        <filename>ka-GE.plg_quickicon_joomlaupdate.ini</filename>
        <filename>ka-GE.plg_quickicon_joomlaupdate.sys.ini</filename>
        <filename>ka-GE.plg_search_categories.ini</filename>
        <filename>ka-GE.plg_search_categories.sys.ini</filename>
        <filename>ka-GE.plg_search_contacts.ini</filename>
        <filename>ka-GE.plg_search_contacts.sys.ini</filename>
        <filename>ka-GE.plg_search_content.ini</filename>
        <filename>ka-GE.plg_search_content.sys.ini</filename>
        <filename>ka-GE.plg_search_newsfeeds.ini</filename>
        <filename>ka-GE.plg_search_newsfeeds.sys.ini</filename>
        <filename>ka-GE.plg_search_tags.ini</filename>
        <filename>ka-GE.plg_search_tags.sys.ini</filename>
        <filename>ka-GE.plg_search_weblinks.ini</filename>
        <filename>ka-GE.plg_search_weblinks.sys.ini</filename>
        <filename>ka-GE.plg_system_cache.ini</filename>
        <filename>ka-GE.plg_system_cache.sys.ini</filename>
        <filename>ka-GE.plg_system_debug.ini</filename>
        <filename>ka-GE.plg_system_debug.sys.ini</filename>
        <filename>ka-GE.plg_system_highlight.ini</filename>
        <filename>ka-GE.plg_system_highlight.sys.ini</filename>
        <filename>ka-GE.plg_system_languagecode.ini</filename>
        <filename>ka-GE.plg_system_languagecode.sys.ini</filename>
        <filename>ka-GE.plg_system_languagefilter.ini</filename>
        <filename>ka-GE.plg_system_languagefilter.sys.ini</filename>
        <filename>ka-GE.plg_system_log.ini</filename>
        <filename>ka-GE.plg_system_log.sys.ini</filename>
        <filename>ka-GE.plg_system_logout.ini</filename>
        <filename>ka-GE.plg_system_logout.sys.ini</filename>
        <filename>ka-GE.plg_system_p3p.ini</filename>
        <filename>ka-GE.plg_system_p3p.sys.ini</filename>
        <filename>ka-GE.plg_system_redirect.ini</filename>
        <filename>ka-GE.plg_system_redirect.sys.ini</filename>
        <filename>ka-GE.plg_system_remember.ini</filename>
        <filename>ka-GE.plg_system_remember.sys.ini</filename>
        <filename>ka-GE.plg_system_sef.ini</filename>
        <filename>ka-GE.plg_system_sef.sys.ini</filename>
        <filename>ka-GE.plg_system_stats.ini</filename>
        <filename>ka-GE.plg_system_stats.sys.ini</filename>
        <filename>ka-GE.plg_system_updatenotification.ini</filename>
        <filename>ka-GE.plg_system_updatenotification.sys.ini</filename>
        <filename>ka-GE.plg_twofactorauth_totp.ini</filename>
        <filename>ka-GE.plg_twofactorauth_totp.sys.ini</filename>
        <filename>ka-GE.plg_twofactorauth_yubikey.ini</filename>
        <filename>ka-GE.plg_twofactorauth_yubikey.sys.ini</filename>
        <filename>ka-GE.plg_user_contactcreator.ini</filename>
        <filename>ka-GE.plg_user_contactcreator.sys.ini</filename>
        <filename>ka-GE.plg_user_joomla.ini</filename>
        <filename>ka-GE.plg_user_joomla.sys.ini</filename>
        <filename>ka-GE.plg_user_profile.ini</filename>
        <filename>ka-GE.plg_user_profile.sys.ini</filename>
        <filename>ka-GE.tpl_hathor.ini</filename>
        <filename>ka-GE.tpl_hathor.sys.ini</filename>
        <filename>ka-GE.tpl_isis.ini</filename>
        <filename>ka-GE.tpl_isis.sys.ini</filename>
        <filename>index.html</filename>
        <filename file="meta">ka-GE.xml</filename>
        <filename file="meta">install.xml</filename>
    </files>
    <params />
</extension>
